Дата,Новые комментарии,Поделились,"Процент отметок ""Нравится"" (%)","Отметки ""Не нравится""","Отметки ""Нравится""",Отказались от подписки,Новые подписчики,Постоянные зрители,Новые зрители,Среднее число просмотров одним пользователем,Уникальные зрители,CTR для значков видео (%),Показы,Опубликованные видео,Добавленные видео,Подписчики,Средний процент просмотра (%),Просмотры,Время просмотра (часы),Средняя продолжительность просмотра
Итоговое значение,1807,10509,90.45,3118,29522,5319,13710,0,0,0,0,5.32,16030561,232,752,8391,27.58,1778432,73787.5016,0:02:29
2023-01-01,0,9,100,0,16,5,5,84,144,2.0833,228,4.25,5176,,,0,30.51,475,21.2038,0:02:40
2022-12-31,0,1,100,0,4,1,1,48,60,1.6111,108,4.05,2222,,,0,19.52,174,5.4814,0:01:53
2022-12-30,0,3,75,1,3,1,1,94,133,2.1586,227,5.27,5584,,,0,23.51,490,17.8182,0:02:10
2022-12-29,1,10,100,0,8,2,1,128,231,1.8524,359,5.78,6759,,,-1,25.35,665,25.9174,0:02:20
2022-12-28,0,4,85.71,2,12,3,7,166,362,1.839,528,7.04,6736,,,4,21.72,971,35.385,0:02:11
2022-12-27,0,9,100,0,27,1,6,219,485,1.8778,704,6.61,9408,,,5,21.85,1322,48.6134,0:02:12
2022-12-26,0,6,78.57,3,11,4,6,234,475,1.8632,709,7.72,10305,,,2,23.07,1321,49.7077,0:02:15
2022-12-25,1,14,100,0,20,3,8,278,571,1.7845,849,7.08,11801,,,5,21.86,1515,54.7859,0:02:10
2022-12-24,0,5,78.57,3,11,2,5,160,322,1.61,482,6.99,5806,,,3,19.2,776,24.5667,0:01:53
2022-12-23,0,7,84.62,2,11,2,1,202,418,1.5774,620,7.15,7878,,,-1,19.14,978,30.5683,0:01:52
2022-12-22,0,9,85,3,17,1,4,255,586,1.7063,841,7.31,10746,,,3,21.58,1435,51.5961,0:02:09
2022-12-21,0,18,96.55,1,28,0,9,306,689,1.8281,995,6.4,15772,,,9,20.31,1819,60.8586,0:02:00
2022-12-20,2,15,85,3,17,1,5,310,661,1.691,971,8.04,11026,,,4,20.15,1642,53.457,0:01:57
2022-12-19,3,14,100,0,18,2,6,317,654,1.999,971,7.75,13763,,,4,24.19,1941,72.9155,0:02:15
2022-12-18,0,11,90.91,2,20,0,12,317,646,1.8224,963,8.52,11695,,,12,19.85,1755,56.0002,0:01:54
2022-12-17,0,11,92.86,1,13,2,9,198,381,1.8083,579,6.96,8317,,,7,23.96,1047,38.487,0:02:12
2022-12-16,1,9,100,0,20,3,8,207,435,1.8972,642,6.59,10022,,,5,22.08,1218,41.4866,0:02:02
2022-12-15,1,11,84.21,3,16,0,6,218,562,1.6308,780,5.99,11512,,,6,20.92,1272,44.5558,0:02:06
2022-12-14,2,10,85,3,17,2,7,246,577,1.8262,823,6.58,12589,,,5,21.5,1503,52.7593,0:02:06
2022-12-13,1,11,93.75,1,15,3,6,284,610,1.7383,894,6.78,12909,,,3,22.47,1554,58.0107,0:02:14
2022-12-12,0,13,95.45,1,21,1,9,288,596,1.845,884,6.31,14035,,,8,22.52,1631,60.5522,0:02:13
2022-12-11,2,11,94.74,1,18,6,9,278,639,1.9051,917,6.67,14225,,,3,22.5,1747,67.5103,0:02:19
2022-12-10,1,4,100,0,12,1,8,176,351,1.7438,527,7.3,6696,,,7,22.74,919,35.3906,0:02:18
2022-12-09,0,1,77.78,2,7,2,5,137,332,1.7377,469,7.28,6219,,,3,26.44,815,35.2616,0:02:35
2022-12-08,1,9,77.78,2,7,3,3,216,529,1.7221,745,6.96,10114,,,0,21.5,1283,46.5794,0:02:10
2022-12-07,1,22,100,0,38,3,13,251,565,1.8652,816,6.78,12278,,,10,21.28,1522,51.5061,0:02:01
2022-12-06,1,12,86.21,4,25,6,11,174,540,1.7493,714,7.64,8974,,,5,17.61,1249,34.4148,0:01:39
2022-12-05,0,8,66.67,2,4,1,4,205,505,1.8085,710,6.58,10756,,,3,21.44,1284,43.4542,0:02:01
2022-12-04,0,3,90.91,2,20,3,3,199,527,1.8967,726,6.61,12891,,,0,22.38,1377,48.5222,0:02:06
2022-12-03,2,1,91.67,1,11,0,4,149,328,1.7694,477,6.87,6801,,,4,23.98,844,31.406,0:02:13
2022-12-02,0,4,100,0,7,4,7,149,347,1.8871,496,5.89,8369,,,3,23.16,936,32.3529,0:02:04
2022-12-01,0,7,100,0,16,3,6,213,480,2.0216,693,5.42,12587,,,3,24.11,1401,53.0978,0:02:16
2022-11-30,0,15,96.67,1,29,0,5,271,460,2.0342,731,5.88,12408,,,5,26.31,1487,63.2878,0:02:33
2022-11-29,4,4,96,1,24,2,7,221,475,1.7945,696,7.25,9587,,,5,24.84,1249,48.2267,0:02:19
2022-11-28,0,14,88.89,2,16,2,4,237,502,1.7131,739,7.58,8673,,,2,22.37,1266,44.2353,0:02:05
2022-11-27,0,9,94.74,1,18,0,4,219,539,1.7982,758,6.25,11266,,,4,23,1363,51.4119,0:02:15
2022-11-26,0,8,88.89,1,8,3,9,140,284,1.7524,424,5.15,7263,,,6,24.2,743,28.18,0:02:16
2022-11-25,1,3,93.75,1,15,0,11,177,319,2.2016,496,5.41,7763,,,11,28.21,1092,43.8496,0:02:24
2022-11-24,1,30,92.31,2,24,2,6,178,456,2.0631,634,6.82,10438,,,4,26.17,1308,50.0464,0:02:17
2022-11-23,1,15,95,1,19,2,13,196,473,2.1046,669,6.25,11462,,,11,23.12,1408,47.0448,0:02:00
2022-11-22,0,2,100,0,70,1,12,215,476,1.9537,691,5.89,11572,,,11,25.34,1350,51.1429,0:02:16
2022-11-21,0,11,88.89,3,24,3,9,221,464,1.9007,685,6.59,10537,,,6,26.32,1302,53.4319,0:02:27
2022-11-20,0,2,100,0,16,2,10,229,509,1.9133,738,6.99,10086,,,8,25.09,1412,52.8261,0:02:14
2022-11-19,0,6,91.67,1,11,4,7,142,309,1.8182,451,6.09,6998,,,3,24.09,820,30.1115,0:02:12
2022-11-18,1,5,100,0,9,2,6,143,332,1.7916,475,6.18,7448,,,4,22.39,851,29.4147,0:02:04
2022-11-17,1,71,92,2,23,1,5,187,454,2.0109,641,7.11,8822,,,4,28.16,1289,51.7114,0:02:24
2022-11-16,1,5,100,0,13,1,9,233,465,1.8023,698,5.63,10271,,,8,28.19,1258,56.1098,0:02:40
2022-11-15,0,7,94.74,1,18,2,8,224,523,1.9237,747,6.95,10366,,,6,24.71,1437,54.8539,0:02:17
2022-11-14,0,9,100,0,27,3,11,211,511,1.867,722,6.33,11319,,,8,23.29,1348,48.4133,0:02:09
2022-11-13,1,7,95,1,19,2,10,236,556,1.5947,792,6.93,9907,,,8,22.22,1263,46.1285,0:02:11
2022-11-12,2,1,100,0,16,1,4,154,311,1.9011,465,6.94,6630,,,3,25.56,884,35.8305,0:02:25
2022-11-11,1,8,90,1,9,2,7,147,343,1.7531,490,5.47,6601,,,5,26.7,859,35.6035,0:02:29
2022-11-10,0,13,90.48,2,19,3,7,182,474,1.6372,656,7.31,7693,,,4,25.09,1074,43.4838,0:02:25
2022-11-09,1,5,96,1,24,1,6,185,513,1.6433,698,6.59,8344,,,5,24.15,1147,46.0377,0:02:24
2022-11-08,0,4,100,0,18,5,6,198,521,1.6287,719,6.96,8836,,,1,24.54,1171,47.4522,0:02:25
2022-11-07,0,8,100,0,25,2,5,203,520,1.6224,723,7.46,7373,,,3,26.19,1173,49.2122,0:02:31
2022-11-06,0,3,88.24,2,15,4,3,223,530,1.5352,753,6.5,8304,,,-1,21.14,1156,41.0076,0:02:07
2022-11-05,0,4,92.31,1,12,3,4,155,366,1.666,521,7.54,5784,,,1,22.27,868,31.0542,0:02:08
2022-11-04,0,11,92.86,1,13,5,8,149,366,1.6738,515,6.35,7271,,,3,24.31,862,32.8614,0:02:17
2022-11-03,1,9,100,0,12,3,4,103,272,1.5573,375,6.33,4106,,,1,24.72,584,23.0605,0:02:22
2022-11-02,2,5,87.5,2,14,2,8,191,445,1.863,635,6.29,8460,,,6,26.74,1183,49.9512,0:02:32
2022-11-01,1,8,94.74,1,18,2,7,213,471,1.8392,684,5.7,11418,,,5,25.02,1258,49.9691,0:02:22
2022-10-31,2,4,100,0,18,3,8,201,521,1.6551,722,6.75,8774,,,5,23.43,1195,46.0657,0:02:18
2022-10-30,2,6,77.78,4,14,2,6,192,539,1.7825,731,6.54,10018,,,4,22.32,1303,46.8729,0:02:09
2022-10-29,0,2,100,0,11,8,4,124,319,1.8465,443,5.36,8084,,,-4,24.49,818,30.8953,0:02:15
2022-10-28,0,5,91.3,2,21,2,10,155,375,1.934,530,5.49,9032,,,8,25.87,1025,41.3191,0:02:25
2022-10-27,2,8,89.47,2,17,0,5,187,482,1.6607,669,6.26,9135,,,5,23.95,1111,42.0427,0:02:16
2022-10-26,0,13,94.74,1,18,2,10,232,506,1.7236,738,6.72,9460,,,8,23.99,1272,48.6485,0:02:17
2022-10-25,0,15,90.32,3,28,2,7,250,550,1.7163,800,5.4,13477,,,5,23.84,1373,52.438,0:02:17
2022-10-24,2,10,95.83,1,23,2,6,221,558,1.932,779,5.97,12327,,,4,25.45,1505,58.3333,0:02:19
2022-10-23,0,7,64.29,5,9,2,5,211,590,1.824,801,6.29,12328,,,3,24.55,1461,56.7718,0:02:19
2022-10-22,1,8,94.74,1,18,3,6,144,328,1.8051,472,6.52,6088,,,3,24.83,852,33.4202,0:02:21
2022-10-21,0,9,100,0,9,2,7,139,357,1.6129,496,7.08,5407,,,5,21.92,800,27.3233,0:02:02
2022-10-20,0,6,94.74,1,18,2,6,234,527,1.8095,761,5.84,11344,,,4,24.59,1377,52.8695,0:02:18
2022-10-19,0,18,90,2,18,3,8,239,596,2.1916,835,5.21,15753,,,5,27.91,1830,73.7678,0:02:25
2022-10-18,1,8,100,0,32,3,12,206,567,1.9185,773,5.09,13356,,,9,28.32,1483,61.783,0:02:29
2022-10-17,1,11,96.15,1,25,3,8,209,605,1.645,814,7.49,8882,,,5,24.22,1339,50.0952,0:02:14
2022-10-16,1,4,94.44,1,17,1,6,208,609,1.7087,817,7.01,9784,,,5,26.2,1396,54.4198,0:02:20
2022-10-15,0,4,100,0,10,2,5,136,292,1.8902,428,5.5,7128,,,3,25.77,809,29.8835,0:02:12
2022-10-14,0,7,100,0,17,1,7,121,348,1.6866,469,6.6,6049,,,6,26.81,791,33.3468,0:02:31
2022-10-13,3,7,93.75,1,15,3,8,166,489,1.5802,655,5.93,8994,,,5,19.06,1035,30.1706,0:01:44
2022-10-12,0,9,94.74,1,18,1,8,225,511,1.8723,736,5.4,11828,,,7,30.75,1378,65.7362,0:02:51
2022-10-11,0,9,100,0,15,4,9,247,553,1.7675,800,5.94,10937,,,5,26.67,1414,56.5463,0:02:23
2022-10-10,0,8,87.5,2,14,0,9,206,571,1.7503,777,6.27,10289,,,9,28.57,1360,57.6539,0:02:32
2022-10-09,2,8,90.48,2,19,1,6,244,631,1.7257,875,6.02,12077,,,5,25.42,1510,56.377,0:02:14
2022-10-08,0,3,100,0,9,0,6,128,261,1.4756,389,5.93,4992,,,6,23.54,574,21.0178,0:02:11
2022-10-07,0,8,83.33,1,5,0,6,97,342,1.7016,439,5.59,7000,,,6,27.08,747,30.6578,0:02:27
2022-10-06,1,2,84.62,2,11,0,3,179,441,1.5242,620,6.06,7679,,,3,23.88,945,34.9532,0:02:13
2022-10-05,1,7,94.29,2,33,6,7,197,511,1.7175,708,6.45,8983,,,1,27.28,1216,48.2211,0:02:22
2022-10-04,0,12,100,0,26,2,4,187,493,1.7279,680,5.98,9369,,,2,27.41,1175,47.1722,0:02:24
2022-10-03,1,11,96,1,24,4,10,191,539,1.5274,730,6.34,8640,,,6,25.43,1115,43.3319,0:02:19
2022-10-02,0,7,89.47,2,17,2,9,173,534,1.5884,707,7.02,7877,,,7,25.74,1123,42.8204,0:02:17
2022-10-01,0,4,92.31,1,12,2,4,108,291,1.594,399,5.92,5730,,,2,24.21,636,22.6337,0:02:08
2022-09-30,0,1,75,2,6,0,1,109,285,1.6066,394,4.82,6541,,,1,25.92,633,24.657,0:02:20
2022-09-29,2,3,100,0,20,1,11,169,454,1.5522,623,6.61,7710,,,10,22.32,967,33.9467,0:02:06
2022-09-28,0,11,86.67,2,13,1,6,194,488,1.8196,682,6.9,8798,,,5,26.98,1241,51.0264,0:02:28
2022-09-27,0,6,90,2,18,0,8,201,547,1.7126,748,5.99,9911,,,8,29.12,1281,55.5678,0:02:36
2022-09-26,0,10,92.31,1,12,3,6,217,478,1.8158,695,6.1,9999,,,3,26.72,1262,50.4303,0:02:23
2022-09-25,1,5,87.5,2,14,2,13,193,603,1.8216,796,5.52,13053,,,11,26.52,1450,53.4218,0:02:12
2022-09-24,0,6,88.89,1,8,1,4,111,316,1.7939,427,4.8,7253,,,3,25.26,766,27.5035,0:02:09
2022-09-23,1,3,100,0,9,1,12,136,297,1.8245,433,5.15,7249,,,11,24.05,790,27.6184,0:02:05
2022-09-22,0,14,100,0,11,1,4,182,444,1.8403,626,5.74,9350,,,3,28.88,1152,46.5792,0:02:25
2022-09-21,0,14,90.91,1,10,3,10,203,473,1.858,676,6.27,8953,,,7,33.22,1256,59.6767,0:02:51
2022-09-20,1,17,100,0,18,1,16,195,497,1.8743,692,4.64,12193,,,15,30.45,1297,57.4658,0:02:39
2022-09-19,2,10,100,0,23,0,4,201,476,1.8493,677,5.86,10099,,,4,25.91,1252,48.7957,0:02:20
2022-09-18,0,6,93.75,1,15,1,8,170,476,1.8824,646,5.75,9592,,,7,27.38,1216,49.327,0:02:26
2022-09-17,0,5,100,0,8,2,7,111,251,1.7818,362,4.91,6108,,,5,27.72,645,26.7775,0:02:29
2022-09-16,0,3,91.67,1,11,1,8,110,274,1.9063,384,6.21,5712,,,7,25.62,732,27.3796,0:02:14
2022-09-15,1,2,91.67,2,22,0,8,159,420,1.6598,579,5.15,9418,,,8,23.53,961,33.8631,0:02:06
2022-09-14,1,49,88.46,3,23,4,8,176,427,1.874,603,5.46,10429,,,4,30.05,1130,49.4853,0:02:37
2022-09-13,0,2,85,3,17,4,11,167,406,1.9895,573,6.02,8618,,,7,28.36,1140,45.3353,0:02:23
2022-09-12,0,7,86.67,2,13,2,6,174,425,2.0551,599,4.99,9861,,,4,33.55,1231,57.6416,0:02:48
2022-09-11,0,5,95.45,1,21,0,2,141,413,1.8195,554,6.31,6879,,,2,27.28,1008,39.8554,0:02:22
2022-09-10,1,3,100,0,13,4,9,114,240,1.9972,354,5.06,4959,,,5,33.46,707,32.617,0:02:46
2022-09-09,0,5,100,0,11,0,6,106,259,1.7863,365,4.07,8172,,,6,27.87,652,26.4084,0:02:25
2022-09-08,1,5,84.62,2,11,2,10,172,361,2.4165,533,5.16,8255,,,8,38.37,1288,65.7858,0:03:03
2022-09-07,1,9,87.5,1,7,1,9,143,336,2.6597,479,5.06,9035,,,8,34.1,1274,55.5775,0:02:37
2022-09-06,0,17,93.75,1,15,1,8,118,325,1.833,443,5.18,7147,,,7,28.37,812,32.9925,0:02:26
2022-09-05,1,6,90,1,9,1,11,116,268,2.0313,384,4.61,6920,,,10,32.69,780,34.797,0:02:40
2022-09-04,2,11,97.78,1,44,1,14,119,413,3.0489,532,3.38,12818,,,13,42.56,1622,83.1776,0:03:04
2022-09-03,1,15,80,1,4,2,14,73,277,2.0829,350,3.5,7800,,,12,25.71,729,24.9698,0:02:03
2022-09-02,0,2,77.78,2,7,1,5,53,200,1.6324,253,3.3,7001,,,4,21,413,12.9029,0:01:52
2022-09-01,1,1,87.5,2,14,2,6,54,133,2.0374,187,3.01,6482,,,4,28.68,381,15.3981,0:02:25
2022-08-31,1,3,92.86,1,13,5,5,90,107,2.2284,197,3.03,7036,,,0,28.73,439,17.3267,0:02:22
2022-08-30,1,1,100,0,26,7,2,86,111,1.8883,197,2.22,9771,,,-5,28.63,372,14.7699,0:02:22
2022-08-29,1,6,92.31,1,12,4,5,104,161,2.1887,265,2.05,16273,,,1,30.04,580,23.119,0:02:23
2022-08-28,1,4,93.94,2,31,28,5,131,258,2.0797,389,1.57,34599,11,11,-23,25.62,809,27.4602,0:02:02
2022-08-27,0,0,100,0,37,13,8,102,240,2.1082,342,2.22,18434,,,-5,16.86,721,17.7463,0:01:28
2022-08-26,5,1,100,0,24,29,9,170,292,1.6905,462,1.25,39479,13,13,-20,18.68,781,20.843,0:01:36
2022-08-25,6,7,96.92,2,63,95,10,174,419,1.9899,593,1.21,69432,46,45,-85,19.71,1180,36.3062,0:01:50
2022-08-24,0,2,90.91,1,10,4,3,65,105,2.1412,170,2.98,6613,4,5,-1,28.49,364,15.8,0:02:36
2022-08-23,0,0,100,0,5,2,5,48,89,1.9489,137,4.25,3596,,,3,27.74,267,10.9469,0:02:27
2022-08-22,0,1,100,0,5,3,7,50,89,2.6691,139,4.03,5428,,,4,33.09,371,17.0727,0:02:45
2022-08-21,0,0,100,0,4,2,4,39,65,2.4231,104,3.68,3096,,,2,34.37,252,12.2717,0:02:55
2022-08-20,0,0,100,0,5,2,4,41,62,2.0194,103,4.1,3076,,,2,28.7,208,8.6925,0:02:30
2022-08-19,0,2,100,0,9,3,2,37,63,2.16,100,4.37,2908,,,-1,28.82,216,9.3842,0:02:36
2022-08-18,0,0,100,0,5,1,3,41,82,2.187,123,4.81,3555,,,2,33.83,269,12.8509,0:02:51
2022-08-17,0,1,83.33,1,5,2,3,42,61,2.3883,103,4.22,2723,,,1,29.01,246,9.9646,0:02:25
2022-08-16,0,0,100,0,1,2,1,47,88,1.7481,135,4.9,2673,,,-1,26.33,236,9.0528,0:02:18
2022-08-15,0,0,100,0,6,3,5,42,78,1.925,120,2.49,5021,,,2,24.61,231,8.3439,0:02:10
2022-08-14,0,0,100,0,4,3,4,32,77,2.2752,109,3.96,4119,,,1,24.02,248,8.4701,0:02:02
2022-08-13,0,1,0,1,0,2,2,26,59,1.4824,85,2.75,2222,,,0,22.99,126,4.6989,0:02:14
2022-08-12,0,0,100,0,8,2,1,24,46,1.8429,70,3.76,1701,,,-1,29.23,129,5.8828,0:02:44
2022-08-11,0,0,87.5,1,7,4,3,38,60,1.9592,98,5.01,2196,,,-1,25.5,192,7.4416,0:02:19
2022-08-10,0,4,100,0,7,1,1,45,91,2.0809,136,3.23,4054,,,0,30.11,283,12.715,0:02:41
2022-08-09,1,1,83.33,1,5,1,2,31,85,1.8707,116,5.6,2357,,,1,20.34,217,6.6221,0:01:49
2022-08-08,0,0,100,0,2,3,2,42,82,1.8226,124,3.7,2755,,,-1,33.89,226,10.9585,0:02:54
2022-08-07,0,1,100,0,3,5,6,43,157,1.625,200,4.49,2540,,,1,23.12,325,10.304,0:01:54
2022-08-06,0,20,100,0,1,1,1,36,74,2.2182,110,3.29,3163,,,0,28.44,244,9.4914,0:02:20
2022-08-05,0,1,,0,0,1,2,36,73,1.8349,109,4.7,1938,,,1,29.6,200,8.9228,0:02:40
2022-08-04,0,24,100,0,1,5,3,37,74,2.2703,111,4.87,2425,,,-2,27.3,252,9.8883,0:02:21
2022-08-03,0,1,100,0,4,2,4,40,85,1.752,125,4.84,2295,,,2,29.76,219,8.9028,0:02:26
2022-08-02,0,1,93.75,1,15,4,2,28,90,2.0339,118,2.4,5037,,,-2,29.82,240,9.8689,0:02:28
2022-08-01,0,0,100,0,6,0,1,30,93,2.065,123,3.45,4055,,,1,23.64,254,8.2052,0:01:56
2022-07-31,1,1,100,0,4,2,1,49,72,2.0744,121,2.67,3370,,,-1,30.02,251,10.5702,0:02:31
2022-07-30,0,0,100,0,-4,1,5,36,60,1.7083,96,4.18,1986,,,4,28.12,164,6.8697,0:02:30
2022-07-29,0,1,100,0,8,1,5,43,61,1.5865,104,3.21,2647,,,4,27.32,165,6.9756,0:02:32
2022-07-28,0,3,100,0,5,0,4,39,79,2.1271,118,4.45,2606,,,4,29.56,251,9.7421,0:02:19
2022-07-27,0,3,83.33,1,5,4,4,39,87,1.6905,126,3.73,2892,,,0,23.78,213,8.1418,0:02:17
2022-07-26,0,0,100,0,4,2,2,51,78,1.6202,129,4.16,2164,,,0,27.66,209,8.2995,0:02:22
2022-07-25,0,0,100,0,6,4,3,49,100,1.8456,149,5.97,2796,,,-1,31.82,275,12.9732,0:02:49
2022-07-24,0,2,100,0,9,0,2,41,70,2.1892,111,5.09,2792,,,2,31.54,243,10.676,0:02:38
2022-07-23,1,0,100,0,3,1,5,37,71,1.7685,108,4.3,2281,,,4,27.65,191,8.1948,0:02:34
2022-07-22,1,0,100,0,10,1,3,34,65,1.6061,99,2.94,2483,,,2,29.89,159,6.851,0:02:35
2022-07-21,0,1,80,1,4,3,1,42,84,1.8413,126,3.46,3090,,,-2,28.22,232,10.3585,0:02:40
2022-07-20,0,1,100,0,3,1,2,52,84,1.75,136,4.64,2693,,,1,26.19,238,9.0205,0:02:16
2022-07-19,0,1,100,0,7,5,2,44,85,1.5194,129,2.42,3558,,,-3,28.79,196,7.832,0:02:23
2022-07-18,1,1,100,0,2,4,0,39,94,1.3158,133,3.52,2247,,,-4,24.35,175,6.6959,0:02:17
2022-07-17,0,7,100,0,6,3,4,32,90,1.623,122,3.81,3336,,,1,25.76,198,7.798,0:02:21
2022-07-16,0,2,100,0,4,0,2,21,70,1.6044,91,2.83,2648,,,2,20.64,146,4.8965,0:02:00
2022-07-15,0,0,100,0,8,0,1,33,79,1.5804,112,3.52,2757,,,1,26.95,177,8.1144,0:02:45
2022-07-14,1,3,33.33,2,1,4,2,44,87,1.9542,131,5.13,2494,,,-2,23.2,256,8.7878,0:02:03
2022-07-13,0,0,66.67,1,2,3,1,44,96,1.6429,140,5.35,2074,,,-2,26.63,230,9.8112,0:02:33
2022-07-12,0,6,,1,-1,1,0,42,84,1.8492,126,3.97,2849,,,-1,35.16,233,11.9779,0:03:05
2022-07-11,0,0,100,0,2,2,1,43,76,1.5042,119,4.75,1938,,,-1,23.56,179,6.5336,0:02:11
2022-07-10,0,1,100,0,6,4,3,46,88,1.4776,134,4.99,2166,,,-1,27.1,198,8.6154,0:02:36
2022-07-09,0,1,83.33,1,5,0,2,34,83,1.9829,117,4.94,2511,,,2,33.32,232,11.662,0:03:00
2022-07-08,0,1,66.67,2,4,0,0,42,75,1.641,117,3.68,2448,,,0,26.19,192,8.2397,0:02:34
2022-07-07,0,1,87.5,1,7,1,0,40,106,1.5342,146,4.78,2446,,,-1,23.68,224,8.0259,0:02:08
2022-07-06,0,1,100,0,2,3,0,59,93,1.9211,152,3.74,3826,,,-3,30.53,292,13.1166,0:02:41
2022-07-05,0,6,100,0,12,3,4,75,115,1.7368,190,2.99,5078,,,1,27.16,330,13.4327,0:02:26
2022-07-04,0,3,100,0,10,2,1,120,168,2.1111,288,5.81,6148,,,-1,25.78,608,22.4498,0:02:12
2022-07-03,0,3,100,0,17,1,5,98,162,2.3577,260,5.14,6110,,,4,27.76,613,24.2891,0:02:22
2022-07-02,0,7,100,0,8,3,4,77,119,1.7398,196,5.05,3704,,,1,29.96,341,15.5839,0:02:44
2022-07-01,0,1,77.78,2,7,1,4,123,173,1.6351,296,5.62,4341,,,3,23.5,484,17.4006,0:02:09
2022-06-30,0,9,100,0,3,4,3,179,227,2.0222,406,5.43,7086,,,-1,22.93,821,26.9915,0:01:58
2022-06-29,0,4,83.33,2,10,2,2,176,236,1.6578,412,6.92,4767,,,0,24.4,683,25.0692,0:02:12
2022-06-28,1,5,100,0,21,3,2,206,294,1.85,500,6.27,7463,,,-1,25.82,925,37.1644,0:02:24
2022-06-27,1,4,100,0,48,7,3,262,327,1.8981,589,5.76,9736,,,-4,24.86,1118,41.0961,0:02:12
2022-06-26,0,7,95.83,1,23,2,12,290,364,1.9602,654,6.03,11014,,,10,22.89,1282,44.3627,0:02:04
2022-06-25,0,0,94.74,1,18,4,4,192,222,1.6812,414,5.87,5924,,,0,24.84,696,26.15,0:02:15
2022-06-24,0,3,100,0,12,4,4,254,359,1.9282,613,6.82,8827,,,0,24.33,1182,42.0129,0:02:07
2022-06-23,0,8,96.55,1,28,3,6,302,401,1.9018,703,6.32,10847,,,3,24.2,1337,49.2323,0:02:12
2022-06-22,1,13,96.77,2,60,1,10,354,477,2.1071,831,6.46,13825,,,9,24.13,1751,63.6856,0:02:10
2022-06-21,2,7,71.43,4,10,5,5,402,558,1.8,960,5.84,14849,,,0,24.02,1728,61.538,0:02:08
2022-06-20,0,9,87.5,4,28,3,6,442,526,2.0837,968,4.82,21576,,,3,24.94,2017,72.8644,0:02:10
2022-06-19,0,10,98.21,1,55,1,7,463,640,1.9946,1103,6.11,17243,,,6,26.09,2200,82.6707,0:02:15
2022-06-18,0,5,100,0,41,0,4,327,420,2.1901,747,4.44,16589,,,4,28.04,1636,67.3136,0:02:28
2022-06-17,0,15,100,0,25,1,9,361,531,1.9664,892,5.19,15871,,,8,25.09,1754,66.5973,0:02:16
2022-06-16,0,9,90,3,27,3,9,376,527,1.7796,903,5.07,15179,,,6,27.04,1607,65.5416,0:02:26
2022-06-15,1,9,89.47,4,34,2,5,391,516,1.9868,907,5.36,17644,,,3,25.51,1802,70.4644,0:02:20
2022-06-14,0,11,97.14,1,34,4,11,385,576,1.9376,961,6.2,15013,,,7,25.03,1862,69.3226,0:02:14
2022-06-13,1,13,89.29,3,25,5,6,418,590,1.9415,1008,6.39,15874,,,1,25.26,1957,72.6399,0:02:13
2022-06-12,0,7,91.3,2,21,2,9,274,397,2.0268,671,5,13084,,,7,25.48,1360,51.5114,0:02:16
2022-06-11,0,7,91.3,2,21,2,6,212,306,1.9788,518,5.89,8289,,,4,26.98,1025,39.2391,0:02:17
2022-06-10,0,12,94.44,1,17,3,8,291,375,2.0526,666,6.1,10565,,,5,27.52,1367,54.0136,0:02:22
2022-06-09,0,22,93.33,1,14,1,3,351,457,2.026,808,6.38,11733,,,2,23,1637,55.5398,0:02:02
2022-06-08,3,11,92.86,1,13,0,5,308,441,1.765,749,6.29,10486,,,5,25.01,1322,50.5142,0:02:17
2022-06-07,0,10,95.83,1,23,0,8,287,473,2.0579,760,5.6,13915,,,8,25.71,1564,62.0414,0:02:22
2022-06-06,1,7,81.82,2,9,2,8,326,466,1.8952,792,6.2,12638,,,6,25.35,1501,59.2962,0:02:22
2022-06-05,6,5,92.31,2,24,3,7,302,440,1.872,742,5.75,12170,,,4,24.87,1389,53.4419,0:02:18
2022-06-04,0,6,100,0,14,0,4,188,293,1.8482,481,5.68,7869,,,4,24.82,889,33.148,0:02:14
2022-06-03,1,7,96,1,24,2,9,231,366,2.0637,597,6.75,8621,,,7,22.9,1232,42.3399,0:02:03
2022-06-02,1,6,100,0,22,2,7,259,413,2.0476,672,5.18,11103,,,5,24.32,1376,49.5298,0:02:09
2022-06-01,2,13,91.3,2,21,5,11,282,474,2.0291,756,5.91,12005,,,6,27.21,1534,62.7927,0:02:27
2022-05-31,1,5,91.67,1,11,0,5,259,417,1.7441,676,5.8,10066,,,5,25.43,1179,46.4446,0:02:21
2022-05-30,0,17,93.75,2,30,1,6,270,420,1.8493,690,6.43,8907,,,5,22.39,1276,42.1358,0:01:58
2022-05-29,0,22,100,0,39,2,7,269,460,1.9273,729,4.9,13332,,,5,24.61,1405,52.0835,0:02:13
2022-05-28,0,8,96.55,1,28,4,9,167,282,1.8976,449,4.65,8773,,,5,25.12,852,32.3317,0:02:16
2022-05-27,0,6,88.89,3,24,0,7,197,311,1.8583,508,5.75,8186,,,7,23.19,944,32.2307,0:02:02
2022-05-26,1,10,100,0,27,1,4,244,473,1.7225,717,6.38,8913,,,3,20.94,1235,38.2461,0:01:51
2022-05-25,0,11,95.24,1,20,4,7,244,422,1.6967,666,6.22,8453,,,3,22.1,1130,38.0672,0:02:01
2022-05-24,1,7,91.3,2,21,3,11,255,433,1.7602,688,6.02,9083,,,8,22.76,1211,42.1639,0:02:05
2022-05-23,1,13,95,1,19,1,5,273,407,1.6574,680,6.4,8498,,,4,23.17,1127,41.2286,0:02:11
2022-05-22,1,7,95.24,2,40,2,6,253,447,1.9657,700,5.19,12659,,,4,27,1376,55.3208,0:02:24
2022-05-21,0,2,100,0,14,2,5,173,259,1.7384,432,5.74,5571,,,3,25.47,751,27.5927,0:02:12
2022-05-20,2,9,100,0,-6,0,3,164,281,1.7618,445,6.11,6608,,,3,23.32,784,28.1786,0:02:09
2022-05-19,1,10,92.86,1,13,2,6,213,362,1.8104,575,6.13,7484,,,4,24.03,1041,37.4954,0:02:09
2022-05-18,1,7,91.67,1,11,2,10,221,364,1.7709,585,6.24,8078,,,8,23.57,1036,37.3766,0:02:09
2022-05-17,0,9,100,0,5,3,3,225,412,1.7064,637,5.32,9457,,,0,26.01,1087,42.743,0:02:21
2022-05-16,0,5,100,0,41,1,5,255,383,1.9216,638,6.39,7994,,,4,22.48,1226,41.9455,0:02:03
2022-05-15,2,3,88.89,2,16,1,6,244,440,1.7997,684,5.78,9839,,,5,24.32,1231,44.1127,0:02:09
2022-05-14,0,4,100,0,9,2,4,142,240,1.9843,382,3.72,9113,,,2,26.28,758,28.0656,0:02:13
2022-05-13,0,5,100,0,18,4,7,167,302,1.7356,469,6,6836,,,3,25.73,814,31.0632,0:02:17
2022-05-12,0,10,88.24,2,15,2,7,201,395,1.6158,596,5.64,7745,,,5,21.55,963,31.5406,0:01:57
2022-05-11,0,11,100,0,24,4,9,175,340,1.868,515,4.88,7399,,,5,23.94,962,37.0778,0:02:18
2022-05-10,0,6,100,0,36,4,11,179,409,1.8265,588,6.32,8598,,,7,26.2,1074,42.1934,0:02:21
2022-05-09,0,3,94.12,1,16,3,4,144,227,1.7412,371,4.61,6591,,,1,26.19,646,25.262,0:02:20
2022-05-08,0,4,87.5,1,7,0,1,127,194,2.3146,321,5.42,7357,,,1,25.68,743,28.3296,0:02:17
2022-05-07,0,5,100,0,14,0,3,129,188,2.0789,317,4.09,7330,,,3,27.9,659,26.9712,0:02:27
2022-05-06,0,7,100,0,10,2,6,142,217,1.9889,359,5.75,6103,,,4,24.71,714,26.1006,0:02:11
2022-05-05,1,3,100,0,16,4,5,166,378,1.6507,544,5.37,6742,,,1,24.98,898,33.0907,0:02:12
2022-05-04,2,11,100,0,18,2,7,170,364,1.8127,534,5.44,8139,,,5,27.01,968,38.3941,0:02:22
2022-05-03,1,6,90.48,2,19,2,8,170,365,1.843,535,5.5,8363,,,6,26.01,986,39.4814,0:02:24
2022-05-02,1,6,90.91,2,20,2,3,169,296,1.7226,465,5.67,5928,,,1,26.96,801,31.6865,0:02:22
2022-05-01,0,2,91.67,1,11,1,3,126,175,2.0033,301,4.58,5980,,,2,26.7,603,22.6169,0:02:15
2022-04-30,0,3,100,0,5,1,4,127,183,1.8226,310,4.44,4659,,,3,28.01,565,23.9452,0:02:32
2022-04-29,1,7,100,0,13,4,4,138,223,1.8144,361,4.82,6726,,,0,25.35,655,24.5032,0:02:14
2022-04-28,1,5,92.86,1,13,2,5,184,309,1.7343,493,5.63,6692,,,3,25.57,855,32.2653,0:02:15
2022-04-27,1,8,100,0,10,2,4,202,353,1.8306,555,6.91,7237,,,2,25.5,1016,38.5122,0:02:16
2022-04-26,1,6,85.71,2,12,3,4,191,362,1.7052,553,5.03,9124,,,1,23.22,943,33.7537,0:02:08
2022-04-25,1,8,94.74,1,18,2,6,202,333,1.8019,535,5.41,8815,,,4,25.74,964,36.5625,0:02:16
2022-04-24,0,0,91.67,1,11,1,4,172,343,1.5437,515,5.75,6771,,,3,26.05,795,32.1389,0:02:25
2022-04-23,0,0,90.91,1,10,0,1,140,176,1.8987,316,4.71,5990,,,1,25.66,600,22.6816,0:02:16
2022-04-22,0,4,100,0,11,4,4,134,203,1.7834,337,6.36,4452,,,0,24.6,601,21.7932,0:02:10
2022-04-21,0,4,100,0,13,1,5,173,278,1.5898,451,4.91,5962,,,4,23.04,717,25.3614,0:02:07
2022-04-20,0,2,91.67,1,11,1,3,199,307,1.7016,506,4.58,7600,,,2,23.23,861,30.0104,0:02:05
2022-04-19,2,10,86.67,2,13,4,11,183,358,1.9039,541,5.48,9145,,,7,28.14,1030,43.7335,0:02:32
2022-04-18,0,5,96.43,1,27,3,11,232,352,1.7825,584,6.18,8216,,,8,28.05,1041,43.695,0:02:31
2022-04-17,1,9,70,3,7,5,8,195,350,1.8165,545,4.38,10003,,,3,25.36,990,39.2339,0:02:22
2022-04-16,0,3,100,0,7,3,1,170,228,1.4874,398,4.12,6023,,,-2,23.06,592,21.1696,0:02:08
2022-04-15,3,5,100,0,10,1,3,157,243,1.6125,400,5.19,5898,,,2,23.78,645,23.4437,0:02:10
2022-04-14,0,11,95.45,1,21,2,13,163,347,1.9882,510,5.96,8067,,,11,23.44,1014,35.2201,0:02:05
2022-04-13,0,2,100,0,18,5,7,165,315,2.0042,480,5.31,8924,,,2,29.05,962,40.462,0:02:31
2022-04-12,1,9,100,0,22,4,11,173,368,1.7394,541,4.78,9609,,,7,24.39,941,33.1723,0:02:06
2022-04-11,0,8,92.31,2,24,6,3,218,365,1.8096,583,5.6,8303,,,-3,25.31,1055,38.9776,0:02:13
2022-04-10,1,8,93.75,1,15,15,19,217,433,1.8138,650,5.3,9624,,,4,25.33,1179,43.7962,0:02:13
2022-04-09,1,2,77.78,2,7,4,3,136,236,1.9409,372,4.32,7078,,,-1,25.19,722,26.5902,0:02:12
2022-04-08,0,4,100,0,10,4,8,163,282,1.6809,445,5.19,5931,,,4,26.25,748,28.7644,0:02:18
2022-04-07,0,3,91.67,1,11,0,7,190,406,1.7852,596,5.75,8887,,,7,24.3,1064,38.6076,0:02:10
2022-04-06,0,5,100,0,53,1,8,195,401,1.7903,596,6.46,7936,,,7,24.41,1067,37.6271,0:02:06
2022-04-05,2,3,95,2,38,2,8,202,430,1.8608,632,5.89,9681,,,6,26.65,1176,45.6936,0:02:19
2022-04-04,1,5,89.47,2,17,2,11,218,384,1.9136,602,6.41,8108,,,9,26.16,1152,44.4725,0:02:18
2022-04-03,2,5,96.3,1,26,5,8,215,445,1.9606,660,4.9,12265,,,3,23.17,1294,43.2791,0:02:00
2022-04-02,1,2,72.73,3,8,1,5,135,215,1.7114,350,4.81,5173,,,4,26.76,599,23.8778,0:02:23
2022-04-01,0,1,100,0,8,2,3,134,245,2.0317,379,4.66,8683,,,1,27.01,770,30.9941,0:02:24
2022-03-31,0,4,89.47,2,17,6,7,161,353,1.9494,514,5.1,9501,,,1,28.83,1002,42.0716,0:02:31
2022-03-30,1,4,92.31,1,12,4,5,167,316,1.9234,483,5.89,6313,,,1,23.47,929,32.4862,0:02:05
2022-03-29,0,10,89.66,3,26,7,9,172,373,1.9119,545,5.36,9014,,,2,24.77,1042,38.0499,0:02:11
2022-03-28,0,5,100,0,10,2,10,167,374,1.8318,541,5.9,7910,,,8,25.66,991,37.6917,0:02:16
2022-03-27,0,4,88.89,2,16,3,10,175,357,1.8891,532,6.13,7672,,,7,27.53,1005,40.9953,0:02:26
2022-03-26,0,2,80,1,4,3,2,117,198,1.7429,315,4.15,5644,,,-1,27.75,549,21.8643,0:02:23
2022-03-25,0,2,100,0,15,1,0,136,216,1.9347,352,5.59,5577,,,-1,30.93,681,30.2946,0:02:40
2022-03-24,1,12,87.5,3,21,3,8,170,354,1.8588,524,4.57,10106,,,5,26.31,974,39.4248,0:02:25
2022-03-23,0,9,88.89,2,16,4,10,207,322,1.9376,529,4.53,10432,,,6,26.43,1025,40.3216,0:02:21
2022-03-22,0,5,100,0,8,2,6,175,337,1.9297,512,5.99,8008,,,4,26.84,988,38.6149,0:02:20
2022-03-21,1,5,106.25,-1,17,1,4,188,358,1.837,546,6.38,7356,,,3,25.03,1003,35.6621,0:02:08
2022-03-20,1,5,90.48,2,19,4,9,163,316,2.0104,479,5.25,9364,,,5,27.4,963,38.932,0:02:25
2022-03-19,1,5,100,0,9,2,2,108,181,2.045,289,4.82,4297,,,0,30.93,591,25.2729,0:02:33
2022-03-18,0,3,100,0,4,4,5,92,208,1.8533,300,4.24,5660,,,1,23.54,556,18.8629,0:02:02
2022-03-17,2,1,80,2,8,5,3,151,274,1.6659,425,4.45,7826,,,-2,24.95,708,26.3218,0:02:13
2022-03-16,0,2,91.67,1,11,2,3,151,312,1.9525,463,7.15,6828,,,1,30.91,904,39.513,0:02:37
2022-03-15,0,5,90.48,2,19,5,5,156,355,1.955,511,5.83,8870,,,0,25.91,999,37.7096,0:02:15
2022-03-14,0,8,92.86,1,13,2,5,146,340,1.6481,486,6.63,5955,,,3,26.45,801,32.868,0:02:27
2022-03-13,0,0,91.67,1,11,2,7,146,346,1.6789,492,4.75,7742,,,5,25.6,826,31.4693,0:02:17
2022-03-12,1,2,100,0,7,3,4,121,193,2.1083,314,4.07,6150,,,1,26.27,662,24.8536,0:02:15
2022-03-11,0,14,100,0,7,2,3,103,201,1.7434,304,3.85,6728,,,1,25.5,530,20.4714,0:02:19
2022-03-10,0,4,100,0,12,4,3,114,286,1.695,400,5.72,5212,,,-1,25.08,678,24.6296,0:02:10
2022-03-09,0,4,100,0,15,3,9,125,295,1.7429,420,3.45,9278,,,6,27.64,732,29.942,0:02:27
2022-03-08,1,6,100,0,12,2,7,114,265,1.8417,379,4.28,7831,,,5,28.57,698,29.0974,0:02:30
2022-03-07,0,4,100,0,11,4,4,83,163,1.939,246,5.27,4210,,,0,32.56,477,23.3026,0:02:55
2022-03-06,0,4,100,0,6,3,3,102,183,2.1789,285,5.47,4989,,,0,25.13,621,21.5758,0:02:05
2022-03-05,0,3,100,0,5,4,3,81,147,1.886,228,5.25,3274,,,-1,24.67,430,15.2631,0:02:07
2022-03-04,0,3,100,0,6,2,1,95,169,1.9811,264,5.92,4090,,,-1,22.37,523,15.7283,0:01:48
2022-03-03,0,4,75,1,3,6,7,112,253,1.9288,365,5.64,5782,,,1,20.59,704,20.538,0:01:45
2022-03-02,2,5,100,0,7,1,7,148,250,2.2387,398,6.8,7144,,,6,21.07,891,26.7983,0:01:48
2022-03-01,1,8,90,1,9,5,4,125,266,1.8338,391,6.09,6597,,,-1,24.99,717,25.4646,0:02:07
2022-02-28,0,4,90,1,9,3,8,135,248,2.4204,383,5.87,9755,,,5,22.7,927,28.0736,0:01:49
2022-02-27,0,3,85.71,2,12,4,2,154,238,1.7449,392,4.61,7199,,,-2,25.57,684,25.7936,0:02:15
2022-02-26,0,4,94.44,1,17,2,3,96,154,2.024,250,5.17,4627,,,1,25.88,506,18.3662,0:02:10
2022-02-25,0,3,83.33,1,5,2,4,92,148,1.75,240,4.25,4616,,,2,28.01,420,17.1398,0:02:26
2022-02-24,1,2,100,0,11,2,3,146,197,1.6793,343,4.45,5912,,,1,24.95,576,21.3007,0:02:13
2022-02-23,1,5,81.82,2,9,0,4,154,293,1.7517,447,6.11,5858,,,4,27.64,783,31.6825,0:02:25
2022-02-22,0,4,94.44,1,17,5,2,118,213,1.9849,331,4.97,5174,,,-3,30.5,657,27.3147,0:02:29
2022-02-21,0,7,88.89,2,16,0,6,164,296,1.5913,460,5.45,6075,,,6,31.47,732,33.2268,0:02:43
2022-02-20,0,7,100,0,10,4,5,142,329,1.6921,471,5.51,7242,,,1,30.32,797,35.3677,0:02:39
2022-02-19,0,3,100,0,8,5,6,131,207,1.7929,338,4.95,6308,,,1,31.5,606,28.3187,0:02:48
2022-02-18,0,0,100,0,14,5,7,128,199,2.0153,327,5.28,7096,,,2,30.65,659,26.8933,0:02:26
2022-02-17,0,7,100,0,17,3,1,132,310,1.5905,442,5.45,5967,,,-2,23.24,703,25.3278,0:02:09
2022-02-16,0,7,100,0,16,4,6,142,349,1.6069,491,4.01,8627,,,2,28.53,789,33.4098,0:02:32
2022-02-15,0,9,90.91,1,10,4,9,131,271,1.6095,402,3.98,7379,,,5,24.85,647,23.0601,0:02:08
2022-02-14,0,3,85.71,1,6,2,4,134,303,1.6178,437,6.11,4586,,,2,28.7,707,29.9436,0:02:32
2022-02-13,1,3,95.45,1,21,3,6,102,320,1.955,422,4.66,8023,,,3,35.99,825,41.3796,0:03:00
2022-02-12,0,1,100,0,13,1,5,100,197,1.7138,297,4.68,4787,,,4,34.53,509,25.2814,0:02:58
2022-02-11,0,2,92.31,1,12,3,6,84,224,1.6818,308,4.11,5663,,,3,29.94,518,22.0187,0:02:33
2022-02-10,0,1,85.71,2,12,3,8,115,275,1.7564,390,5.17,5847,,,5,32.25,685,30.9614,0:02:42
2022-02-09,0,3,100,0,12,2,8,111,267,1.8571,378,4.97,6193,,,6,29.66,702,29.4701,0:02:31
2022-02-08,0,0,88.89,1,8,1,6,124,268,1.6913,392,5.28,4927,,,5,31.17,663,29.2652,0:02:38
2022-02-07,0,5,100,0,12,4,3,109,226,1.8776,335,5.21,5699,,,-1,26.53,629,24.1375,0:02:18
2022-02-06,1,2,100,0,12,4,4,110,213,1.8854,323,4.78,5813,,,0,33.35,609,27.5144,0:02:42
2022-02-05,0,2,100,0,8,2,5,70,142,2.0425,212,4.39,4398,,,3,33.72,433,20.0328,0:02:46
2022-02-04,1,2,92.31,1,12,6,10,84,192,1.7754,276,4.56,4518,,,4,34.61,490,26.0227,0:03:11
2022-02-03,0,5,100,0,23,3,9,105,269,1.8503,374,4.78,6380,,,6,32.84,692,32.3838,0:02:48
2022-02-02,0,0,100,0,20,2,5,121,266,1.8269,387,4.89,6315,,,3,32.23,707,34.1108,0:02:53
2022-02-01,0,2,100,0,10,3,6,128,285,1.937,413,5.41,6243,,,3,31.27,800,37.0073,0:02:46
2022-01-31,1,7,86.67,2,13,3,4,143,305,1.7009,448,5.01,7020,,,1,30.77,762,33.0906,0:02:36
2022-01-30,1,3,92.59,2,25,9,7,216,332,1.5547,548,4.37,9479,1,1,-2,28.47,852,30.4672,0:02:08
2022-01-29,0,3,88.89,3,24,5,13,105,196,1.887,301,5.99,4526,,,8,27.58,568,23.7183,0:02:30
2022-01-28,1,6,62.5,3,5,3,8,112,213,1.72,325,6.15,4833,,,5,25.65,559,22.8493,0:02:27
2022-01-27,1,9,90.91,1,10,5,3,144,296,1.4273,440,6.42,4956,,,-2,24.23,628,25.6481,0:02:27
2022-01-26,2,5,95.45,1,21,3,11,161,377,1.5948,538,5.93,7534,,,8,30.9,858,40.5666,0:02:50
2022-01-25,1,5,85.71,2,12,0,5,161,375,1.6101,536,5.95,7811,,,5,27.41,863,38.8017,0:02:41
2022-01-24,2,5,80,3,12,6,13,224,439,1.6561,663,5.55,10559,,,7,27,1098,47.0762,0:02:34
2022-01-23,1,11,95.56,2,43,2,10,231,482,1.9088,713,5.68,13214,,,8,31.21,1361,65.7871,0:02:54
2022-01-22,1,4,97.5,1,39,4,4,170,276,1.6502,446,6.36,6223,,,0,32.25,736,36.387,0:02:57
2022-01-21,0,10,97.3,1,36,4,5,239,448,1.6332,687,6.9,7668,,,1,26.92,1122,48.2749,0:02:34
2022-01-20,1,8,95.12,2,39,3,11,258,591,1.6243,849,6.32,10634,,,8,25.03,1379,56.2782,0:02:26
2022-01-19,0,22,82.61,4,19,1,4,306,553,1.6449,859,6.52,11786,,,3,25.32,1413,59.8838,0:02:32
2022-01-18,0,6,79.17,10,38,4,9,328,624,1.5903,952,7.39,10601,,,5,26.74,1514,66.7979,0:02:38
2022-01-17,1,15,92.59,2,25,6,7,341,684,1.7444,1025,7.45,13220,,,1,27.32,1788,77.3282,0:02:35
2022-01-16,3,13,93.02,3,40,3,15,380,718,1.8816,1098,7.42,15020,,,12,29.64,2066,96.7299,0:02:48
2022-01-15,0,4,90.63,3,29,2,5,258,453,1.8523,711,6.4,10477,,,3,28.02,1317,57.9147,0:02:38
2022-01-14,3,5,90.91,2,20,2,7,282,551,1.6206,833,6.55,11170,,,5,26.47,1350,58.5116,0:02:36
2022-01-13,2,9,93.22,4,55,4,7,337,693,1.6777,1030,6.55,13860,,,3,27.5,1728,74.3488,0:02:34
2022-01-12,1,14,90,3,27,1,9,325,629,1.8082,954,5.52,16917,,,8,27.47,1725,76.0468,0:02:38
2022-01-11,2,11,87.8,5,36,8,8,334,683,1.7748,1017,8.43,11884,,,0,28.15,1805,81.6324,0:02:42
2022-01-10,2,18,96.3,1,26,4,12,341,679,1.7039,1020,6.78,14074,,,8,27,1738,75.8036,0:02:37
2022-01-09,0,23,79.31,6,23,3,11,360,614,1.7392,974,7.65,12338,,,8,26.96,1694,71.9628,0:02:32
2022-01-08,0,11,85.19,4,23,6,11,298,399,1.9584,697,5.54,11428,,,5,29.61,1365,61.4195,0:02:41
2022-01-07,1,11,92.59,2,25,4,15,249,403,1.7715,652,6.56,9199,,,11,29.67,1155,53.3852,0:02:46
2022-01-06,1,12,91.67,2,22,3,8,236,348,1.6781,584,7.06,6873,,,5,28.23,980,42.6843,0:02:36
2022-01-05,0,13,89.47,2,17,3,10,230,426,1.657,656,5.82,9330,,,7,29.05,1087,48.6012,0:02:40
2022-01-04,1,4,100,0,22,7,4,201,387,1.6497,588,6.07,7708,,,-3,29.36,970,42.1455,0:02:36
2022-01-03,1,10,95.65,1,22,2,5,179,295,1.7616,474,5.04,7775,,,3,28.4,835,36.5278,0:02:37
2022-01-02,0,1,97.06,1,33,4,9,137,234,1.8706,371,5.99,6210,,,5,29.64,694,31.7666,0:02:44
2022-01-01,0,0,90.91,1,10,1,3,73,124,1.4061,197,4.67,3107,,,2,27.34,277,12.0867,0:02:37
2021-12-31,0,0,100,0,5,0,2,58,63,1.4463,121,3.81,2230,,,2,26.4,175,7.6425,0:02:37
2021-12-30,0,11,100,0,9,5,2,81,136,1.5668,217,4.92,3069,,,-3,29.51,340,15.436,0:02:43
2021-12-29,0,6,80,2,8,1,6,122,255,1.5942,377,6.14,5096,,,5,23.41,601,22.0136,0:02:11
2021-12-28,0,4,88.89,2,16,3,9,159,382,1.7079,541,6.45,7266,,,6,25.05,924,37.5792,0:02:26
2021-12-27,1,11,87.5,2,14,4,12,231,480,1.6048,711,6.68,8339,,,8,24.34,1141,44.3349,0:02:19
2021-12-26,3,9,89.47,2,17,3,6,265,562,1.5792,827,7.16,8939,,,3,24.37,1306,53.1127,0:02:26
2021-12-25,0,6,90.91,1,10,2,4,145,323,1.5577,468,5.07,6621,,,2,26.08,729,30.9128,0:02:32
2021-12-24,0,15,96.3,1,26,2,7,204,443,1.6785,647,7.38,7400,,,5,25.62,1086,44.4091,0:02:27
2021-12-23,0,16,93.75,2,30,0,8,245,586,1.627,831,6.7,10060,,,8,23.93,1352,52.5183,0:02:19
2021-12-22,1,18,88.89,4,32,4,16,260,633,1.6114,893,6.65,10419,,,12,23.9,1439,55.0919,0:02:17
2021-12-21,1,14,94.44,1,17,4,6,286,648,1.6724,934,8.24,9854,,,2,24.36,1562,60.8963,0:02:20
2021-12-20,0,26,88.89,3,24,4,4,264,699,1.5067,963,7.81,9239,,,0,24.58,1451,59.5889,0:02:27
2021-12-19,1,7,88.57,4,31,4,9,286,692,1.5859,978,6.92,11776,,,5,24.55,1551,62.9042,0:02:26
2021-12-18,0,2,90,2,18,2,6,184,356,1.5889,540,6.52,6492,,,4,26.07,858,35.7595,0:02:30
2021-12-17,2,9,90,2,18,2,12,203,427,1.5429,630,7.15,6672,,,10,23.34,972,38.0003,0:02:20
2021-12-16,1,10,90,3,27,1,5,211,561,1.6023,772,7.6,7576,,,4,25.56,1237,50.9283,0:02:28
2021-12-15,0,25,81.82,4,18,2,7,243,535,1.4704,778,7.45,7333,,,5,24.48,1144,48.2845,0:02:31
2021-12-14,1,32,86.36,3,19,4,9,230,645,1.56,875,7.04,10209,,,5,23.69,1365,51.0685,0:02:14
2021-12-13,1,7,89.47,2,17,3,9,212,567,1.5841,779,5.89,10536,,,6,24.2,1234,48.7892,0:02:22
2021-12-12,0,25,89.47,2,17,2,12,226,585,1.5598,811,6.61,10030,,,10,25.41,1265,51.8542,0:02:27
2021-12-11,1,11,90,1,9,2,3,145,284,1.9277,429,6.67,6061,,,1,21.12,827,26.7726,0:01:56
2021-12-10,0,7,93.33,1,14,1,5,159,373,1.5188,532,5.71,7145,,,4,23.35,808,31.1086,0:02:18
2021-12-09,1,10,100,0,18,3,9,216,512,1.7445,728,5.79,10902,,,6,23.28,1270,47.0021,0:02:13
2021-12-08,2,5,96.67,1,29,5,15,227,573,1.5313,800,6.98,9025,,,10,25.4,1225,49.7522,0:02:26
2021-12-07,1,15,86.96,3,20,3,7,208,564,1.6308,772,6.76,8738,,,4,28.14,1259,54.5295,0:02:35
2021-12-06,1,4,92.31,2,24,4,12,179,533,1.632,712,6.45,8326,,,8,25.34,1162,46.102,0:02:22
2021-12-05,1,6,94.44,1,17,0,13,224,520,1.5242,744,6.6,8332,,,13,24.33,1134,44.7664,0:02:22
2021-12-04,0,6,83.33,1,5,5,5,150,342,1.6748,492,6.13,6586,,,0,26.72,824,34.7169,0:02:31
2021-12-03,0,14,94.44,1,17,1,11,160,346,1.5988,506,6.17,6740,,,10,28.7,809,37.5901,0:02:47
2021-12-02,1,14,87.5,2,14,2,6,186,507,1.5512,693,6.35,7774,,,4,26.64,1075,44.7334,0:02:29
2021-12-01,1,7,75,5,15,2,6,219,536,1.6106,755,6.17,10050,,,4,23.49,1216,44.9737,0:02:13
2021-11-30,2,12,83.33,4,20,1,8,159,553,1.7331,712,5.63,10140,,,7,28.04,1234,54.1909,0:02:38
2021-11-29,0,6,85.19,4,23,3,8,172,565,1.5482,737,6.35,8945,,,5,25.93,1141,47.2434,0:02:29
2021-11-28,1,11,100,0,32,2,11,156,593,1.6929,749,6.61,9928,,,9,27,1268,51.4902,0:02:26
2021-11-27,1,2,93.33,1,14,7,10,118,340,1.6943,458,5.38,6299,,,3,27.4,776,32.4133,0:02:30
2021-11-26,1,7,88.24,2,15,4,3,102,367,1.4925,469,5.21,6175,,,-1,24.15,700,27.0986,0:02:19
2021-11-25,0,6,96,1,24,1,7,135,536,1.7168,671,5.67,8948,,,6,28.83,1152,49.9955,0:02:36
2021-11-24,0,7,94.87,2,37,3,9,136,560,1.5575,696,5.66,9649,,,6,27.47,1084,47.6809,0:02:38
2021-11-23,1,10,90.63,3,29,6,12,167,558,1.589,725,6.17,8480,,,6,27.5,1152,48.9266,0:02:32
2021-11-22,0,12,96.67,1,29,3,18,173,566,1.636,739,5.66,10492,,,15,24.28,1209,46.9872,0:02:19
2021-11-21,1,6,100,0,23,2,12,158,637,1.6478,795,6.74,9141,,,10,27.61,1310,57.6626,0:02:38
2021-11-20,0,7,87.5,2,14,3,6,116,353,1.6418,469,5.83,6684,,,3,23.88,770,29.7273,0:02:18
2021-11-19,0,5,78.95,4,15,4,5,115,387,1.5139,502,5.25,7066,,,1,24.06,760,29.6484,0:02:20
2021-11-18,2,12,100,0,19,2,8,159,550,1.5867,709,5.55,9650,,,6,23.91,1125,43.0608,0:02:17
2021-11-17,0,8,100,0,17,4,9,149,532,1.4978,681,3.95,13140,,,5,27.29,1020,44.0799,0:02:35
2021-11-16,1,1,92.86,2,26,3,12,158,553,1.5724,711,6.01,8726,,,9,25.43,1118,44.2018,0:02:22
2021-11-15,3,10,97.06,1,33,2,11,139,583,1.6468,722,6.9,8488,,,9,23.26,1189,43.6462,0:02:12
2021-11-14,0,19,90,2,18,2,10,147,627,1.6163,774,5.82,10213,,,8,26.99,1251,52.9076,0:02:32
2021-11-13,0,5,85.71,2,12,3,7,157,324,1.6112,481,5.31,6514,,,4,25.15,775,29.8483,0:02:18
2021-11-12,0,9,80,3,12,3,8,147,368,1.5767,515,5.57,7167,,,5,29.56,812,37.2829,0:02:45
2021-11-11,0,9,90.91,2,20,7,7,163,534,1.5265,697,5.19,10447,,,0,26.41,1064,43.4385,0:02:26
2021-11-10,3,7,80.95,4,17,3,7,194,564,1.5251,758,6.28,9221,,,4,24.36,1156,45.37,0:02:21
2021-11-09,2,19,87.5,3,21,6,14,203,654,1.6651,857,5.76,11223,,,8,24.28,1427,52.8587,0:02:13
2021-11-08,1,7,89.47,2,17,3,8,181,658,1.4684,839,5.86,8806,,,5,22.68,1232,45.4055,0:02:12
2021-11-07,3,7,88.89,4,32,4,17,202,535,1.6431,737,5.72,9374,,,13,27.47,1211,52.6724,0:02:36
2021-11-06,0,3,96.15,1,25,3,7,165,361,1.8517,526,6.81,6355,,,4,29.14,974,44.2607,0:02:43
2021-11-05,0,9,92.31,2,24,3,12,180,371,2.069,551,6.62,9110,,,9,26.22,1140,45.4052,0:02:23
2021-11-04,0,5,84.21,3,16,2,12,180,423,1.9337,603,6.29,9578,,,10,27.57,1166,48.6172,0:02:30
2021-11-03,1,8,79.17,5,19,1,5,164,470,1.6577,634,6.07,8370,,,4,25.83,1051,42.0796,0:02:24
2021-11-02,0,5,95,1,19,1,10,197,514,1.5795,711,6.13,8485,,,9,27.55,1123,48.2986,0:02:34
2021-11-01,0,5,93.33,1,14,1,6,156,477,1.6303,633,5.63,8674,,,5,27.56,1032,44.1422,0:02:33
2021-10-31,0,13,85,3,17,3,5,171,400,1.8039,571,5.74,8622,,,2,26.06,1030,39.9811,0:02:19
2021-10-30,0,3,90,1,9,2,3,105,255,1.9083,360,4.88,7005,,,1,27.81,687,28.4553,0:02:29
2021-10-29,1,10,100,0,18,2,9,113,278,1.7084,391,4.69,6672,,,7,27.65,668,27.8201,0:02:29
2021-10-28,0,7,73.68,5,14,4,9,175,431,1.538,606,5.43,8323,,,5,24.69,932,36.3756,0:02:20
2021-10-27,2,5,86.36,3,19,2,6,168,514,1.5176,682,6.44,7590,,,4,26.27,1035,42.2856,0:02:27
2021-10-26,0,7,89.47,2,17,0,3,205,552,1.675,757,5.89,8638,,,3,29.99,1268,57.232,0:02:42
2021-10-25,0,7,96,1,24,4,11,175,553,1.4849,728,6.02,8339,,,7,26.97,1081,43.8468,0:02:26
2021-10-24,2,19,95.65,1,22,4,16,188,607,1.7145,795,5.48,11770,,,12,27.43,1363,56.1653,0:02:28
2021-10-23,0,3,92.86,1,13,2,11,120,337,1.7593,457,4.96,7384,,,9,26.02,804,30.9756,0:02:18
2021-10-22,0,12,100,0,11,5,4,148,424,1.5769,572,5.81,6803,,,-1,25.09,902,33.9548,0:02:15
2021-10-21,1,10,76.47,4,13,0,3,162,542,1.5824,704,5.72,10170,,,3,24.48,1114,41.0383,0:02:12
2021-10-20,1,11,81.25,3,13,2,7,162,580,1.6078,742,5.8,10671,,,5,27.1,1193,47.6982,0:02:23
2021-10-19,0,15,94.44,1,17,5,11,216,658,1.7414,874,6.62,10851,,,6,29.54,1522,66.7154,0:02:37
2021-10-18,0,17,80,4,16,7,5,201,617,1.5293,818,5.92,9960,,,-2,25.32,1251,47.6906,0:02:17
2021-10-17,0,7,100,0,30,3,10,207,585,1.6136,792,6.34,9753,,,7,28.97,1278,55.4898,0:02:36
2021-10-16,1,4,100,0,10,5,4,137,332,1.6439,469,5.13,7198,,,-1,29.59,771,34.0413,0:02:38
2021-10-15,0,14,93.33,1,14,7,6,139,353,1.7846,492,5.1,7924,,,-1,29.25,878,38.1127,0:02:36
2021-10-14,0,5,78.95,4,15,1,9,166,499,1.548,666,5.67,8776,,,8,27.27,1031,42.7577,0:02:29
2021-10-13,0,11,96.3,1,26,3,7,180,552,1.4918,732,5.14,10169,,,4,27.81,1092,46.152,0:02:32
2021-10-12,1,18,80.77,5,21,4,8,210,735,1.4921,945,5.5,10317,,,4,24.6,1410,52.1606,0:02:13
2021-10-11,1,10,100,0,18,6,8,189,641,1.4711,830,6.43,8914,,,2,25.42,1221,45.4332,0:02:13
2021-10-10,2,9,86.84,5,33,3,15,202,636,1.6611,838,6.7,10361,,,12,28.34,1392,57.5476,0:02:28
2021-10-09,1,3,84.62,2,11,2,3,149,341,1.9163,490,5.4,7414,,,1,22.67,939,31.5926,0:02:01
2021-10-08,0,9,100,0,21,0,11,111,330,1.6757,441,4.87,6998,,,11,30.4,739,31.1833,0:02:31
2021-10-07,1,7,78.95,4,15,4,9,163,535,1.5616,698,6.74,7804,,,5,26.95,1090,42.8382,0:02:21
2021-10-06,1,7,95,1,19,3,8,179,612,1.7282,791,6.21,9805,,,5,31,1367,59.959,0:02:37
2021-10-05,0,7,95.24,1,20,4,10,171,569,1.5676,740,4.94,10830,,,6,28.93,1160,49.3588,0:02:33
2021-10-04,1,10,89.66,3,26,2,12,165,640,1.5925,805,6.15,10670,,,10,27.39,1282,51.6379,0:02:25
2021-10-03,1,5,92.86,2,26,0,10,194,663,1.7958,857,6.76,9362,,,10,29.3,1539,63.1095,0:02:27
2021-10-02,1,1,76.92,3,10,2,12,130,360,1.849,490,5.83,6692,,,10,29.72,906,38.8351,0:02:34
2021-10-01,0,14,85.71,1,6,5,10,128,348,1.6765,476,5.32,6105,,,5,31.68,798,36.6386,0:02:45
2021-09-30,0,10,82.61,4,19,3,14,156,574,1.6767,730,6.06,9404,,,11,30.41,1224,53.4303,0:02:37
2021-09-29,0,5,100,0,24,2,14,176,545,1.5492,721,6.27,8434,,,12,29.05,1117,45.6565,0:02:27
2021-09-28,0,7,95.45,1,21,2,10,158,633,1.5373,791,4.7,11278,,,8,29.84,1216,52.3289,0:02:34
2021-09-27,1,10,84,4,21,3,17,161,626,1.6023,787,6.13,9187,,,14,30.16,1261,54.0617,0:02:34
2021-09-26,2,21,85.71,3,18,3,5,137,643,1.5846,780,4.71,11316,,,2,31.77,1236,56.502,0:02:44
2021-09-25,0,7,93.75,1,15,1,5,117,341,1.6376,458,5.34,6181,,,4,28.1,750,30.2626,0:02:25
2021-09-24,0,5,100,0,7,3,3,111,361,1.5191,472,6.3,4954,,,0,27.61,717,29.5995,0:02:28
2021-09-23,0,5,100,0,26,5,12,139,525,1.5828,664,5.99,7953,,,7,26.81,1051,41.9185,0:02:23
2021-09-22,0,9,84,4,21,3,12,158,634,1.4141,792,7,7087,,,9,26.05,1120,43.1066,0:02:18
2021-09-21,0,10,90.91,2,20,4,15,139,606,1.5987,745,5.75,9757,,,11,28.7,1191,49.9671,0:02:31
2021-09-20,1,11,95.45,1,21,4,6,147,558,1.5149,705,5.72,8735,,,2,29.46,1068,46.4467,0:02:36
2021-09-19,0,11,83.33,5,25,1,7,152,650,1.5436,802,4.68,13284,,,6,28.71,1238,52.5488,0:02:32
2021-09-18,0,1,94.44,1,17,1,14,89,545,1.5174,634,4.92,7645,,,13,24.37,962,35.1832,0:02:11
2021-09-17,0,3,100,0,20,0,4,106,328,1.7811,434,5.17,6145,,,4,33.31,773,36.1666,0:02:48
2021-09-16,1,12,85.71,2,12,4,8,100,489,1.6129,589,5.05,7625,,,4,28.69,950,40.383,0:02:33
2021-09-15,1,7,78.57,3,11,2,7,102,531,1.4186,633,4.77,9264,,,5,27.58,898,37.7187,0:02:31
2021-09-14,2,19,84.21,3,16,4,11,123,519,1.69,642,5.28,8182,,,7,31.5,1085,48.8878,0:02:42
2021-09-13,1,5,80.95,4,17,0,8,103,478,1.6678,581,5.89,6161,,,8,33.04,969,44.5634,0:02:45
2021-09-12,1,9,86.36,3,19,1,9,140,557,1.7446,697,5.42,9821,,,8,33.64,1216,57.3378,0:02:49
2021-09-11,1,5,100,0,17,7,4,93,330,1.8298,423,5.42,5503,,,-3,39.51,774,42.0493,0:03:15
2021-09-10,1,8,93.75,1,15,1,8,65,257,1.7019,322,4.42,4072,,,7,31.95,548,23.8277,0:02:36
2021-09-09,0,1,85.71,2,12,3,4,84,393,1.5094,477,5.46,5881,,,1,33.17,720,35.4948,0:02:57
2021-09-08,0,1,87.5,1,7,5,6,100,381,1.7422,481,4.16,8292,,,1,36.52,838,42.836,0:03:04
2021-09-07,0,3,93.75,1,15,5,8,93,381,1.6181,474,4.21,6904,,,3,29.09,767,32.7401,0:02:33
2021-09-06,0,8,100,0,9,3,7,64,341,1.6444,405,5.59,5168,,,4,28.92,666,27.6561,0:02:29
2021-09-05,1,3,90.91,2,20,7,9,99,383,1.7552,482,6.1,5676,,,2,32.18,846,38.9393,0:02:45
2021-09-04,0,2,90.91,1,10,2,4,52,210,1.5344,262,4.43,3495,,,2,29.25,402,17.748,0:02:38
2021-09-03,0,7,100,0,10,0,4,53,191,1.5574,244,2.49,6146,,,4,28.92,380,16.4742,0:02:36
2021-09-02,0,37,91.67,1,11,2,7,49,202,1.6932,251,4.45,4386,,,5,30.78,425,19.537,0:02:45
2021-09-01,0,4,100,0,3,4,5,47,140,1.8342,187,4.47,3447,,,1,36.34,343,19.0914,0:03:20
2021-08-31,1,1,100,0,9,4,2,30,95,1.84,125,3.18,3454,,,-2,35.61,230,11.8469,0:03:05
2021-08-30,0,0,100,0,10,3,3,43,100,2.1399,143,3.24,4748,,,0,33.01,306,13.7745,0:02:42
2021-08-29,0,1,100,0,9,2,1,60,88,2.6081,148,5.62,4325,,,-1,30.43,386,16.5843,0:02:34
2021-08-28,0,0,100,0,6,2,6,42,71,2.4867,113,4.94,3039,,,4,33.56,281,13.1456,0:02:48
2021-08-27,0,0,92.31,1,12,2,3,39,80,2.3613,119,4.76,3133,,,1,36.76,281,13.3266,0:02:50
2021-08-26,0,0,100,0,10,1,4,52,77,2,129,5.1,2567,,,3,32.17,258,12.1009,0:02:48
2021-08-25,0,3,100,0,8,0,4,47,76,2.8537,123,3.89,4247,,,4,37.93,351,17.3815,0:02:58
2021-08-24,0,0,90.91,1,10,0,4,55,97,1.8882,152,3.99,3156,,,4,41.29,287,16.8233,0:03:31
2021-08-23,0,0,85.71,1,6,4,4,47,89,2.2794,136,3.99,4359,,,0,40.61,310,17.3132,0:03:21
2021-08-22,0,1,100,0,2,1,4,44,63,2.5701,107,4,4176,,,3,26.91,275,10.413,0:02:16
2021-08-21,1,0,66.67,2,4,2,3,46,69,1.9304,115,4.03,2976,,,1,33.3,222,10.5967,0:02:51
2021-08-20,2,0,100,0,1,2,4,35,70,1.9905,105,3.33,2880,,,2,28.35,209,8.6935,0:02:29
Показаны лучшие результаты (500)
